geohash_start,geohash_end,weight
dr5nzz,dr5r00,2
dr5pr6,dr5prd,8
dr5prg,dr5pru,9
dr5pvb,dr5py1,2
dr5pwr,dr5pwx,2
dr5pwu,dr5pwv,19
dr5pwv,dr5pwy,15
dr5pwv,dr5pxn,3
dr5pww,dr5pwx,14
dr5pww,dr5pwy,4
dr5pwx,dr5pwy,2
dr5pwx,dr5pwz,9
dr5pwy,dr5pwz,13
dr5pwy,dr5pxn,8
dr5pwz,dr5pyb,11
dr5pwz,dr5pz0,1
dr5pxc,dr5pxf,4
dr5pxd,dr5pxf,5
dr5pxw,dr5pxx,18
dr5pxx,dr5pxz,10
dr5pxz,dr5r8p,6
dr5pxz,dr5rb0,2
dr5pyb,dr5pyc,12
dr5pyb,dr5pz0,9
dr5pyb,dr5pz1,2
dr5pyc,dr5pz1,5
dr5pyc,dr5pz4,2
dr5pye,dr5pyg,10
dr5pyg,dr5pz5,6
dr5pyg,dr5pzh,2
dr5pyv,dr5pyy,14
dr5pyv,dr5pzh,3
dr5pyv,dr5pzj,10
dr5pyx,dr5pyz,7
dr5pyx,dr70nb,2
dr5pyy,dr5pyz,14
dr5pyy,dr5pzj,4
dr5pyz,dr70nb,13
dr5pz0,dr5pz1,15
dr5pz0,dr5pz6,1
dr5pz1,dr5pz4,19
dr5pz1,dr5pz6,2
dr5pz4,dr5pz5,16
dr5pz4,dr5pz6,5
dr5pz4,dr5pz7,2
dr5pz5,dr5pz7,4
dr5pz5,dr5pzh,13
dr5pz6,dr5pz7,15
dr5pz6,dr5pzd,8
dr5pz7,dr5pze,12
dr5pz7,dr5pzh,3
dr5pzd,dr5pze,18
dr5pzh,dr5pzj,13
dr5pzh,dr5pzm,4
dr5pzj,dr5pzm,12
dr5pzm,dr5pzq,14
dr5pzm,dr5pzt,6
dr5pzq,dr5pzt,2
dr5pzt,dr5pzv,9
dr5pzt,dr5pzy,2
dr5pzv,dr5pzy,14
dr5pzv,dr5rbn,1
dr5pzy,dr5rbn,10
dr5pzy,dr5rbp,2
dr5qbm,dr5qbq,18
dr5qbm,dr5qbw,2
dr5qbq,dr5qbw,2
dr5qbw,dr5qbx,3
dr5qu4,dr5qu7,2
dr5qu7,dr5qud,2
dr5qu7,dr5que,3
dr5qu7,dr5quk,12
dr5qud,dr5que,8
dr5qud,dr5quf,7
dr5que,dr5qug,5
dr5que,dr5quk,1
dr5quf,dr5qug,11
dr5quj,dr5quk,3
dr5quj,dr5qum,11
dr5quj,dr5qun,14
dr5quj,dr5quq,1
dr5quk,dr5qum,17
dr5qum,dr5quq,15
dr5qum,dr5qut,8
dr5qun,dr5qup,17
dr5qun,dr5quq,8
dr5qun,dr5qur,3
dr5qup,dr5qur,7
dr5qup,dr5rh0,13
dr5quq,dr5qur,13
dr5quq,dr5qut,4
dr5quq,dr5quw,4
dr5qur,dr5quw,1
dr5qur,dr5qux,7
dr5qur,dr5rh0,2
dr5qur,dr5rh2,15
dr5qut,dr5quw,15
dr5quw,dr5qux,13
dr5qux,dr5rh8,14
dr5qve,dr5qvs,4
dr5qvh,dr5qvj,12
dr5qvh,dr5qvk,11
dr5qvh,dr5qvs,2
dr5qvj,dr5qvm,5
dr5qvj,dr5qvn,16
dr5qvk,dr5qvm,15
dr5qvk,dr5qvs,7
dr5qvm,dr5qvq,11
dr5qvm,dr5qvt,6
dr5qvn,dr5qvq,7
dr5qvq,dr5qvt,2
dr5qvs,dr5qvt,8
dr5qzf,dr5qzg,4
dr5qzg,dr5wb5,5
dr5qzg,dr5wbh,1
dr5r00,dr5r02,8
dr5r00,dr5r04,2
dr5r02,dr5r03,11
dr5r03,dr5r09,8
dr5r04,dr5r05,4
dr5r0v,dr5r0y,16
dr5r10,dr5r11,14
dr5r18,dr5r1b,11
dr5r18,dr5r40,1
dr5r1b,dr5r40,10
dr5r1f,dr5r1g,4
dr5r1f,dr5r41,2
dr5r1g,dr5r45,8
dr5r1s,dr5r1t,12
dr5r21,dr5r24,3
dr5r2p,dr5r80,2
dr5r30,dr5r33,2
dr5r33,dr5r36,16
dr5r33,dr5r39,3
dr5r36,dr5r37,11
dr5r36,dr5r3d,10
dr5r36,dr5r3e,2
dr5r37,dr5r3e,7
dr5r39,dr5r3d,4
dr5r3d,dr5r3e,8
dr5r3e,dr5r3s,11
dr5r3m,dr5r3t,6
dr5r3s,dr5r3t,12
dr5r3s,dr5r3v,2
dr5r3t,dr5r3v,7
dr5r3t,dr5r3y,2
dr5r3v,dr5r3y,8
dr5r3y,dr5r6p,1
dr5r40,dr5r41,14
dr5r41,dr5r46,2
dr5r45,dr5r47,12
dr5r45,dr5r4k,1
dr5r46,dr5r47,8
dr5r47,dr5r4k,8
dr5r4k,dr5r4m,8
dr5r4m,dr5r4q,8
dr5r4q,dr5r4r,8
dr5r53,dr5r56,14
dr5r5b,dr5rh0,9
dr5r5f,dr5r5g,11
dr5r5f,dr5rh1,1
dr5r5f,dr5rh4,9
dr5r5g,dr5r5s,1
dr5r5g,dr5r5u,13
dr5r5g,dr5rh4,3
dr5r5g,dr5rh5,9
dr5r5k,dr5r5s,8
dr5r5s,dr5r5t,15
dr5r5s,dr5r5u,8
dr5r5s,dr5r5x,2
dr5r5t,dr5r5u,1
dr5r5t,dr5r5v,8
dr5r5t,dr5r5w,14
dr5r5t,dr5r5x,1
dr5r5u,dr5r5v,15
dr5r5u,dr5rh5,2
dr5r5u,dr5rhh,8
dr5r5v,dr5r5w,3
dr5r5v,dr5rhh,2
dr5r5v,dr5rhj,7
dr5r5w,dr5r5x,14
dr5r5w,dr5r5z,1
dr5r5x,dr5r5z,11
dr5r5x,dr5r7b,1
dr5r5z,dr5r7b,12
dr5r5z,dr5rhn,1
dr5r5z,dr5rhp,5
dr5r6p,dr5r6q,2
dr5r7b,dr5r7c,12
dr5r7b,dr5rhp,2
dr5r7b,dr5rk0,9
dr5r7c,dr5rk0,1
dr5r7c,dr5rk1,5
dr5r7s,dr5r7u,5
dr5r7u,dr5rkh,6
dr5r8n,dr5r8p,13
dr5r8p,dr5r8r,11
dr5r8p,dr5rb0,12
dr5r8r,dr5r8x,2
dr5r8x,dr5r8y,2
dr5r8x,dr5rb8,8
dr5r9u,dr5rdj,2
dr5rb0,dr5rb1,10
dr5rb0,dr5rb3,2
dr5rb1,dr5rb3,8
dr5rb1,dr5rb4,12
dr5rb1,dr5rb6,1
dr5rb3,dr5rb6,15
dr5rb3,dr5rb8,3
dr5rb3,dr5rb9,15
dr5rb4,dr5rb6,5
dr5rb6,dr5rbd,9
dr5rb8,dr5rb9,8
dr5rb9,dr5rbc,4
dr5rb9,dr5rbd,14
dr5rbm,dr5rbq,17
dr5rbn,dr5rbp,16
dr5rbn,dr5rbq,6
dr5rbn,dr5rbr,2
dr5rbp,dr5rbr,12
dr5rbp,dr7200,16
dr5rbp,dr7202,2
dr5rbq,dr5rbr,16
dr5rbr,dr7202,19
dr5rbs,dr5rbt,20
dr5rbs,dr5rbv,3
dr5rbt,dr5rbv,7
dr5rbv,dr5rby,20
dr5rd3,dr5rd4,2
dr5rd4,dr5rd5,12
dr5rdg,dr5rdv,1
dr5rdg,dr5re5,2
dr5rdg,dr5ren,1
dr5rdg,dr5rep,1
dr5rdt,dr5rdv,6
dr5rdt,dr5rdw,14
dr5rdv,dr5rdw,2
dr5rdv,dr5rdy,8
dr5rdv,dr5reh,2
dr5rdv,dr5rej,9
dr5rdw,dr5rdx,11
dr5rdw,dr5rdy,10
dr5rdx,dr5rdy,2
dr5rdx,dr5rf8,9
dr5rdy,dr5ren,10
dr5rdy,dr5rep,1
dr5rdy,dr5rf8,2
dr5re5,dr5re7,5
dr5re5,dr5reh,19
dr5re7,dr5rek,3
dr5rec,dr5red,2
dr5rec,dr5ref,14
dr5rec,dr5rs4,2
dr5red,dr5ree,4
dr5red,dr5ref,9
dr5red,dr5reg,1
dr5ree,dr5reg,4
dr5ref,dr5reg,14
dr5ref,dr5rs4,6
dr5reg,dr5reu,13
dr5reg,dr5rs5,14
dr5reh,dr5rej,10
dr5reh,dr5rek,11
dr5rej,dr5rem,6
dr5rej,dr5ren,12
dr5rek,dr5rem,6
dr5rem,dr5req,2
dr5ren,dr5rep,9
dr5ren,dr5req,3
dr5ren,dr5rev,2
dr5rep,dr5rer,6
dr5rep,dr5rg0,9
dr5req,dr5rer,2
dr5rer,dr5rg2,15
dr5reu,dr5rev,13
dr5reu,dr5rsh,9
dr5rev,dr5rey,7
dr5rev,dr5rsh,2
dr5rev,dr5rsj,9
dr5rey,dr5rez,7
dr5rey,dr5rgb,1
dr5rey,dr5rsj,1
dr5rey,dr5rsn,9
dr5rey,dr5rsp,2
dr5rez,dr5rgb,5
dr5rez,dr5rsp,9
dr5rf8,dr5rfb,3
dr5rfb,dr5rfc,11
dr5rfb,dr5rg0,12
dr5rfb,dr5rg1,1
dr5rfc,dr5rff,15
dr5rfc,dr5rg1,6
dr5rfc,dr5rg4,2
dr5rff,dr5rg4,11
dr5rfk,dr5rfw,1
dr5rfw,dr5rfx,5
dr5rfw,dr5rfz,3
dr5rfw,dr724b,1
dr5rfx,dr5rfz,3
dr5rfx,dr724b,3
dr5rfz,dr724b,6
dr5rfz,dr724c,3
dr5rg0,dr5rg1,13
dr5rg0,dr5rg2,5
dr5rg0,dr5rg3,1
dr5rg0,dr5rg4,2
dr5rg1,dr5rg3,5
dr5rg1,dr5rg4,13
dr5rg2,dr5rg3,13
dr5rg2,dr5rg9,2
dr5rg3,dr5rg6,12
dr5rg3,dr5rg9,3
dr5rg4,dr5rg5,14
dr5rg4,dr5rg6,2
dr5rg4,dr5rg7,2
dr5rg5,dr5rg7,9
dr5rg5,dr5rgh,14
dr5rg6,dr5rg7,15
dr5rg6,dr5rg9,2
dr5rg6,dr5rgd,8
dr5rg7,dr5rgh,1
dr5rg7,dr5rgk,19
dr5rg7,dr5rgs,2
dr5rg9,dr5rgd,1
dr5rgb,dr5rgc,6
dr5rgb,dr5ru0,11
dr5rgc,dr5rgf,6
dr5rgc,dr5ru0,1
dr5rgc,dr5ru1,8
dr5rgc,dr5ru4,1
dr5rgf,dr5ru4,7
dr5rgh,dr5rgj,11
dr5rgh,dr5rgk,8
dr5rgh,dr5rgn,2
dr5rgj,dr5rgk,2
dr5rgj,dr5rgm,8
dr5rgj,dr5rgn,4
dr5rgj,dr5rgq,2
dr5rgk,dr5rgm,13
dr5rgk,dr5rgs,10
dr5rgk,dr5rgt,3
dr5rgm,dr5rgq,20
dr5rgm,dr5rgt,11
dr5rgn,dr5rgq,10
dr5rgq,dr5rgr,8
dr5rgq,dr5rgt,1
dr5rgq,dr5rgw,9
dr5rgr,dr5rgw,1
dr5rgr,dr5rgx,11
dr5rgr,dr7252,17
dr5rgr,dr7258,2
dr5rgs,dr5rgt,9
dr5rgt,dr5rgw,15
dr5rgt,dr5ru5,4
dr5rgw,dr5rgx,14
dr5rgw,dr5rgy,9
dr5rgx,dr5rgz,9
dr5rgx,dr7258,16
dr5rgy,dr5rgz,8
dr5rgz,dr7258,2
dr5rgz,dr725b,11
dr5rh0,dr5rh1,13
dr5rh0,dr5rh2,8
dr5rh1,dr5rh2,3
dr5rh1,dr5rh3,7
dr5rh1,dr5rh4,14
dr5rh1,dr5rh6,2
dr5rh2,dr5rh3,13
dr5rh2,dr5rh8,7
dr5rh3,dr5rh6,12
dr5rh3,dr5rh9,6
dr5rh3,dr5rhd,2
dr5rh4,dr5rh5,13
dr5rh4,dr5rh6,6
dr5rh5,dr5rh6,4
dr5rh5,dr5rhh,17
dr5rh5,dr5rhk,2
dr5rh6,dr5rhd,7
dr5rh8,dr5rh9,17
dr5rh8,dr5rhb,4
dr5rh9,dr5rhb,1
dr5rh9,dr5rhd,14
dr5rhb,dr5rj0,7
dr5rhd,dr5rhe,8
dr5rhd,dr5rhf,6
dr5rhe,dr5rhg,6
dr5rhe,dr5rhs,11
dr5rhf,dr5rhg,16
dr5rhf,dr5rj4,8
dr5rhg,dr5rhs,3
dr5rhg,dr5rhu,19
dr5rhg,dr5rj5,4
dr5rhh,dr5rhj,12
dr5rhh,dr5rhk,6
dr5rhj,dr5rhk,2
dr5rhj,dr5rhm,7
dr5rhj,dr5rhn,16
dr5rhk,dr5rhm,10
dr5rhk,dr5rhs,7
dr5rhm,dr5rhn,1
dr5rhm,dr5rhq,10
dr5rhm,dr5rhs,3
dr5rhm,dr5rht,7
dr5rhn,dr5rhp,14
dr5rhn,dr5rhq,7
dr5rhp,dr5rhq,1
dr5rhp,dr5rk0,6
dr5rhq,dr5rht,2
dr5rhq,dr5rhw,10
dr5rhq,dr5rhx,2
dr5rhs,dr5rht,16
dr5rhs,dr5rhu,6
dr5rhs,dr5rhv,1
dr5rht,dr5rhv,5
dr5rht,dr5rhw,18
dr5rhu,dr5rhv,12
dr5rhu,dr5rjh,7
dr5rhv,dr5rhy,15
dr5rhv,dr5rjh,1
dr5rhv,dr5rjj,3
dr5rhw,dr5rhx,16
dr5rhw,dr5rhy,7
dr5rhx,dr5rk8,17
dr5rhy,dr5rjj,1
dr5rj4,dr5rj5,12
dr5rj5,dr5rj7,4
dr5rj5,dr5rjh,13
dr5rj7,dr5rjh,1
dr5rj7,dr5rjk,16
dr5rj9,dr5rjb,3
dr5rjh,dr5rjj,15
dr5rjh,dr5rjk,5
dr5rjj,dr5rjk,1
dr5rjj,dr5rjm,5
dr5rjk,dr5rjm,16
dr5rjp,dr5rkb,1
dr5rjp,dr5rm0,9
dr5rju,dr5rjv,15
dr5rjv,dr5rjw,1
dr5rk0,dr5rk1,6
dr5rk6,dr5rk7,14
dr5rk6,dr5rkd,6
dr5rk7,dr5rkd,1
dr5rk7,dr5rke,9
dr5rk7,dr5rkh,2
dr5rk7,dr5rkk,11
dr5rk8,dr5rkb,2
dr5rkb,dr5rkc,2
dr5rkb,dr5rkf,2
dr5rkb,dr5rm0,5
dr5rkc,dr5rkf,2
dr5rkc,dr5rm1,9
dr5rkd,dr5rke,6
dr5rke,dr5rkk,2
dr5rke,dr5rks,11
dr5rke,dr5rku,1
dr5rkf,dr5rkg,2
dr5rkf,dr5rku,2
dr5rkf,dr5rm5,1
dr5rkg,dr5rku,5
dr5rkg,dr5rm5,8
dr5rkh,dr5rkj,18
dr5rkh,dr5rkk,4
dr5rkj,dr5rkk,1
dr5rkj,dr5rkm,9
dr5rkj,dr5rkn,10
dr5rkj,dr5rkp,2
dr5rkk,dr5rkm,9
dr5rkk,dr5rks,8
dr5rkm,dr5rkn,1
dr5rkm,dr5rkq,9
dr5rkm,dr5rks,2
dr5rkm,dr5rkt,8
dr5rkn,dr5rkp,9
dr5rkn,dr5rkq,7
dr5rkp,dr5rkr,9
dr5rkp,dr5rs0,12
dr5rkp,dr5rs1,1
dr5rkp,dr5rs2,1
dr5rkq,dr5rkr,9
dr5rkq,dr5rkt,1
dr5rkq,dr5rkw,9
dr5rkr,dr5rkw,1
dr5rkr,dr5rkx,7
dr5rkr,dr5rs2,14
dr5rks,dr5rkt,12
dr5rks,dr5rku,8
dr5rkt,dr5rku,1
dr5rkt,dr5rkv,7
dr5rkt,dr5rkw,10
dr5rku,dr5rkv,7
dr5rku,dr5rm5,1
dr5rku,dr5rmh,6
dr5rkv,dr5rkw,1
dr5rkv,dr5rky,18
dr5rkv,dr5rmh,1
dr5rkv,dr5rmj,9
dr5rkw,dr5rkx,16
dr5rkw,dr5rky,7
dr5rkx,dr5rky,1
dr5rkx,dr5rkz,4
dr5rky,dr5rkz,12
dr5rky,dr5rmn,10
dr5rky,dr5rmp,1
dr5rkz,dr5rmp,4
dr5rm0,dr5rm1,7
dr5rm0,dr5rm2,8
dr5rm1,dr5rm3,8
dr5rm2,dr5rm3,9
dr5rm3,dr5rm6,7
dr5rm5,dr5rm7,9
dr5rm5,dr5rmh,10
dr5rm6,dr5rm7,5
dr5rm6,dr5rmd,10
dr5rm7,dr5rme,10
dr5rmd,dr5rme,7
dr5rmd,dr5rmf,8
dr5rme,dr5rms,7
dr5rmf,dr5rq4,8
dr5rmh,dr5rmj,8
dr5rmj,dr5rmm,9
dr5rmj,dr5rmn,8
dr5rmm,dr5rmq,5
dr5rmm,dr5rmt,9
dr5rmm,dr5rmw,1
dr5rmn,dr5rmp,5
dr5rmn,dr5rmq,8
dr5rmp,dr5rt0,9
dr5rmq,dr5rmw,8
dr5rmq,dr5rmx,2
dr5rms,dr5rmt,7
dr5rms,dr5rmu,5
dr5rmt,dr5rmv,11
dr5rmt,dr5rmw,6
dr5rmu,dr5rmv,8
dr5rmw,dr5rmx,5
dr5rmx,dr5rmz,9
dr5rmx,dr5rt8,8
dr5rmx,dr5rtb,2
dr5rmz,dr5rtb,12
dr5rnn,dr5rnp,20
dr5rnn,dr5rnq,9
dr5rnp,dr5rnq,1
dr5rnp,dr5rnr,10
dr5rnp,dr5rq0,14
dr5rnq,dr5rnr,14
dr5rnq,dr5rnt,4
dr5rnq,dr5rnw,6
dr5rnr,dr5rnw,4
dr5rnr,dr5rnx,7
dr5rnr,dr5rq0,1
dr5rnr,dr5rq2,11
dr5rnt,dr5rnw,13
dr5rnt,dr5rny,3
dr5rnw,dr5rnx,11
dr5rnw,dr5rny,5
dr5rnx,dr5rq2,2
dr5rnx,dr5rq8,9
dr5rq0,dr5rq1,11
dr5rq0,dr5rq2,2
dr5rq1,dr5rq4,17
dr5rq2,dr5rq8,4
dr5rq4,dr5rq5,13
dr5rq5,dr5rq7,7
dr5rq7,dr5rqk,13
dr5rqf,dr5rqg,14
dr5rqf,dr5rr5,1
dr5rqg,dr5rqu,12
dr5rqg,dr5rr5,5
dr5rqk,dr5rqm,16
dr5rqm,dr5rqt,10
dr5rqm,dr5rqw,2
dr5rqt,dr5rqv,5
dr5rqt,dr5rqw,16
dr5rqu,dr5rqv,14
dr5rqu,dr5rrh,8
dr5rqv,dr5rqw,1
dr5rqv,dr5rqy,12
dr5rqw,dr5rqy,5
dr5rr0,dr5rrd,2
dr5rr5,dr5rrh,16
dr5rr6,dr5rrd,8
dr5rrd,dr5rrf,4
dr5rrf,dr5x24,6
dr5rrr,dr5rrw,1
dr5rrt,dr5rru,2
dr5rrt,dr5rrw,17
dr5rs0,dr5rs1,7
dr5rs0,dr5rs2,8
dr5rs1,dr5rs2,1
dr5rs1,dr5rs3,14
dr5rs2,dr5rs3,16
dr5rs2,dr5rsh,1
dr5rs3,dr5rs5,2
dr5rs3,dr5rs6,5
dr5rs3,dr5rsh,2
dr5rs4,dr5rs5,14
dr5rs4,dr5rs6,2
dr5rs4,dr5rse,2
dr5rs5,dr5rs7,10
dr5rs5,dr5rsh,13
dr5rs6,dr5rs7,4
dr5rs7,dr5rse,10
dr5rs7,dr5rsh,2
dr5rs7,dr5rsk,12
dr5rse,dr5rss,11
dr5rse,dr5rst,1
dr5rsf,dr5rsg,10
dr5rsf,dr5rt4,7
dr5rsg,dr5rss,4
dr5rsg,dr5rsu,11
dr5rsg,dr5rt4,1
dr5rsg,dr5rt5,15
dr5rsh,dr5rsj,15
dr5rsh,dr5rsk,9
dr5rsj,dr5rsm,7
dr5rsj,dr5rsn,13
dr5rsk,dr5rsm,17
dr5rsk,dr5rss,7
dr5rsm,dr5rsn,1
dr5rsm,dr5rsq,11
dr5rsm,dr5rss,2
dr5rsm,dr5rst,7
dr5rsn,dr5rsp,12
dr5rsn,dr5rsq,5
dr5rsp,dr5rsq,2
dr5rsp,dr5rsr,6
dr5rsp,dr5ru0,10
dr5rsp,dr5ru2,2
dr5rsq,dr5rsr,11
dr5rsq,dr5rsw,9
dr5rsr,dr5rsx,7
dr5rsr,dr5ru2,10
dr5rss,dr5rst,10
dr5rst,dr5rsw,12
dr5rsu,dr5rt5,1
dr5rsu,dr5rth,7
dr5rsw,dr5rsx,2
dr5rsw,dr5ru8,2
dr5rsx,dr5ru2,2
dr5rsx,dr5ru8,9
dr5rsy,dr5rtj,2
dr5rsy,dr5rtn,6
dr5rsy,dr5rtp,2
dr5rsz,dr5rtp,5
dr5rt3,dr5rt6,15
dr5rt3,dr5rt9,7
dr5rt3,dr5rtd,1
dr5rt4,dr5rt5,10
dr5rt4,dr5rt6,9
dr5rt5,dr5rt7,11
dr5rt5,dr5rth,16
dr5rt5,dr5rtk,2
dr5rt6,dr5rt7,10
dr5rt6,dr5rtd,8
dr5rt7,dr5rtk,10
dr5rt8,dr5rt9,12
dr5rt8,dr5rtb,10
dr5rt9,dr5rtc,8
dr5rt9,dr5rtd,9
dr5rt9,dr5rtf,1
dr5rtb,dr5rtc,15
dr5rtb,dr5rw1,1
dr5rtc,dr5rtf,13
dr5rtc,dr5rw1,10
dr5rtd,dr5rtf,10
dr5rtf,dr5rw1,2
dr5rth,dr5rtj,9
dr5rth,dr5rtk,9
dr5rtj,dr5rtm,8
dr5rtj,dr5rtn,15
dr5rtk,dr5rtm,19
dr5rtm,dr5rtn,1
dr5rtm,dr5rtq,11
dr5rtn,dr5rtp,10
dr5rtn,dr5rtq,8
dr5rtp,dr5rtr,2
dr5rtp,dr5rv0,11
dr5rtq,dr5rtr,5
dr5rtq,dr5rtw,4
dr5rtr,dr5rtw,2
dr5ru0,dr5ru1,7
dr5ru0,dr5ru2,7
dr5ru0,dr5ru3,1
dr5ru1,dr5ru3,8
dr5ru1,dr5ru4,6
dr5ru2,dr5ru3,13
dr5ru2,dr5ru8,8
dr5ru3,dr5ru4,1
dr5ru3,dr5ru6,11
dr5ru3,dr5ru8,1
dr5ru3,dr5ru9,9
dr5ru4,dr5ru5,11
dr5ru4,dr5ru6,6
dr5ru5,dr5ru6,1
dr5ru5,dr5ru7,8
dr5ru5,dr5ruh,10
dr5ru6,dr5ru7,7
dr5ru6,dr5ru9,1
dr5ru6,dr5rud,7
dr5ru7,dr5rud,2
dr5ru7,dr5rue,6
dr5ru7,dr5ruh,1
dr5ru7,dr5ruk,7
dr5ru8,dr5ru9,8
dr5ru8,dr5ruc,1
dr5ru9,dr5ruc,9
dr5ru9,dr5rud,12
dr5ru9,dr5ruf,3
dr5ru9,dr5rv0,4
dr5rub,dr5rv0,5
dr5rub,dr5rv1,2
dr5ruc,dr5ruf,7
dr5rud,dr5rue,12
dr5rud,dr5ruf,8
dr5rue,dr5ruf,2
dr5rue,dr5rug,7
dr5rue,dr5ruk,2
dr5rue,dr5rus,9
dr5ruf,dr5rug,6
dr5ruf,dr5rv5,1
dr5rug,dr5rus,1
dr5rug,dr5ruu,12
dr5rug,dr5rv5,4
dr5rug,dr5rvh,1
dr5ruh,dr5ruj,5
dr5ruh,dr5ruk,6
dr5ruj,dr5ruk,2
dr5ruj,dr5rum,6
dr5ruj,dr5run,4
dr5ruk,dr5rum,8
dr5ruk,dr5rus,6
dr5rum,dr5run,1
dr5rum,dr5ruq,11
dr5rum,dr5rus,1
dr5rum,dr5rut,9
dr5run,dr5ruq,6
dr5run,dr72h2,1
dr5ruq,dr5rur,9
dr5ruq,dr5rut,1
dr5ruq,dr5ruw,7
dr5rur,dr5ruw,1
dr5rur,dr5rux,9
dr5rur,dr72h2,6
dr5rus,dr5rut,11
dr5rus,dr5ruu,9
dr5rus,dr5ruv,1
dr5rut,dr5ruv,6
dr5rut,dr5ruw,4
dr5ruu,dr5ruv,10
dr5ruu,dr5rv5,2
dr5ruu,dr5rv6,5
dr5ruu,dr5rvh,7
dr5ruv,dr5ruy,11
dr5ruv,dr5rvh,2
dr5ruv,dr5rvj,7
dr5ruw,dr5rux,5
dr5rux,dr72h2,1
dr5rux,dr72h8,8
dr5ruy,dr5ruz,6
dr5ruy,dr5rvj,1
dr5ruy,dr5rvn,9
dr5ruy,dr5rvp,1
dr5ruz,dr5rvp,8
dr5ruz,dr72h8,2
dr5ruz,dr72hb,3
dr5rv0,dr5rv1,15
dr5rv0,dr5rv3,2
dr5rv1,dr5rv3,8
dr5rv1,dr5rv4,8
dr5rv3,dr5rv4,2
dr5rv3,dr5rv6,21
dr5rv3,dr5rv9,6
dr5rv4,dr5rv5,2
dr5rv4,dr5rv6,8
dr5rv4,dr5rv7,1
dr5rv5,dr5rv7,4
dr5rv5,dr5rvh,7
dr5rv6,dr5rv7,8
dr5rv6,dr5rvd,12
dr5rv7,dr5rvd,1
dr5rv7,dr5rve,10
dr5rv7,dr5rvk,13
dr5rv7,dr5rvs,1
dr5rv9,dr5rvc,5
dr5rv9,dr5rvd,4
dr5rvc,dr5rvf,8
dr5rvc,dr5ry0,1
dr5rvc,dr5ry1,6
dr5rvc,dr5ry4,2
dr5rvd,dr5rve,15
dr5rvd,dr5rvf,4
dr5rvd,dr5rvg,2
dr5rve,dr5rvg,6
dr5rve,dr5rvs,15
dr5rve,dr5rvu,1
dr5rvf,dr5rvg,13
dr5rvf,dr5ry4,5
dr5rvg,dr5rvu,13
dr5rvg,dr5ry5,9
dr5rvg,dr5ryh,2
dr5rvh,dr5rvj,6
dr5rvh,dr5rvk,2
dr5rvh,dr5rvr,1
dr5rvj,dr5rvm,2
dr5rvj,dr5rvn,9
dr5rvj,dr5rvr,1
dr5rvk,dr5rvm,7
dr5rvk,dr5rvs,8
dr5rvm,dr5rvq,3
dr5rvm,dr5rvs,2
dr5rvm,dr5rvt,5
dr5rvn,dr5rvp,9
dr5rvn,dr5rvq,9
dr5rvp,dr5rvq,1
dr5rvp,dr5rvr,8
dr5rvp,dr72hb,2
dr5rvp,dr72j0,9
dr5rvp,dr72j2,1
dr5rvq,dr5rvr,7
dr5rvr,dr72j2,9
dr5rvs,dr5rvt,16
dr5rvs,dr5rvu,8
dr5rvt,dr5rvv,7
dr5rvt,dr5rvw,11
dr5rvu,dr5rvv,12
dr5rvu,dr5ryh,8
dr5rvu,dr5ryj,1
dr5rvv,dr5rvw,1
dr5rvv,dr5rvy,15
dr5rvv,dr5ryj,7
dr5rvw,dr5rvx,11
dr5rvw,dr5rvy,9
dr5rvw,dr5rvz,1
dr5rvx,dr5rvz,2
dr5rvy,dr5rvz,13
dr5rvy,dr5ryj,3
dr5rvy,dr5ryn,9
dr5rvy,dr5ryp,2
dr5rvy,dr72jc,2
dr5rvz,dr5ryp,7
dr5rw1,dr5rw3,10
dr5rw1,dr5rw6,1
dr5rw2,dr5rw3,14
dr5rw3,dr5rw6,12
dr5rw3,dr5rwd,2
dr5rw6,dr5rw7,11
dr5rw6,dr5rwd,9
dr5rww,dr5rwx,18
dr5rww,dr5rxp,1
dr5rwx,dr5rwz,6
dr5rwx,dr5ry8,9
dr5rwz,dr5rxn,2
dr5rwz,dr5rxp,9
dr5rwz,dr5ryb,19
dr5rx3,dr5rx6,9
dr5rx3,dr5rx9,2
dr5rx3,dr5rxd,1
dr5rx4,dr5rx5,17
dr5rx4,dr5rx6,14
dr5rx4,dr5rx7,2
dr5rx5,dr5rx7,9
dr5rx6,dr5rx7,15
dr5rx6,dr5rxd,3
dr5rx6,dr5rxe,2
dr5rx7,dr5rxe,9
dr5rx7,dr5rxk,16
dr5rx9,dr5rxc,9
dr5rxc,dr5rxf,19
dr5rxc,dr5x81,10
dr5rxd,dr5rxe,17
dr5rxd,dr5rxf,2
dr5rxd,dr5rxg,2
dr5rxe,dr5rxg,10
dr5rxe,dr5rxk,1
dr5rxe,dr5rxs,18
dr5rxe,dr5rxu,2
dr5rxf,dr5rxg,7
dr5rxf,dr5x81,2
dr5rxf,dr5x84,9
dr5rxg,dr5rxu,13
dr5rxg,dr5x8h,6
dr5rxj,dr5rxm,14
dr5rxj,dr5rxn,14
dr5rxk,dr5rxm,10
dr5rxk,dr5rxs,9
dr5rxm,dr5rxn,1
dr5rxm,dr5rxq,14
dr5rxm,dr5rxs,2
dr5rxm,dr5rxt,11
dr5rxn,dr5rxp,10
dr5rxn,dr5rxq,13
dr5rxp,dr5rxq,2
dr5rxs,dr5rxt,11
dr5rxs,dr5rxu,8
dr5rxs,dr5rxv,1
dr5rxt,dr5rxv,8
dr5rxu,dr5rxv,6
dr5rxu,dr5x8h,6
dr5rxv,dr5x8h,1
dr5ry0,dr5ry1,12
dr5ry0,dr5ry2,13
dr5ry1,dr5ry3,13
dr5ry1,dr5ry4,13
dr5ry2,dr5ry3,20
dr5ry2,dr5ry8,16
dr5ry3,dr5ry4,2
dr5ry3,dr5ry8,1
dr5ry3,dr5ry9,4
dr5ry4,dr5ry5,15
dr5ry5,dr5ry7,4
dr5ry5,dr5ryh,12
dr5ry7,dr5rye,7
dr5ry7,dr5ryk,15
dr5ry7,dr5rym,1
dr5ry8,dr5ry9,11
dr5ry8,dr5ryb,13
dr5ry9,dr5ryc,11
dr5ryb,dr5ryc,13
dr5ryc,dr5rz4,1
dr5rye,dr5ryg,6
dr5rye,dr5rys,13
dr5ryg,dr5rys,1
dr5ryh,dr5ryj,13
dr5ryh,dr5ryk,8
dr5ryj,dr5ryk,4
dr5ryj,dr5rym,12
dr5ryj,dr5ryn,12
dr5ryk,dr5rym,5
dr5ryk,dr5rys,4
dr5ryn,dr5ryp,13
dr5ryn,dr5ryr,1
dr5ryp,dr5ryr,6
dr5ryv,dr5ryy,7
dr5ryv,dr5rzh,1
dr5ryv,dr5rzj,5
dr5ryy,dr5rzj,2
dr5ryy,dr5rzn,10
dr5rz4,dr5rz6,9
dr5rz6,dr5rzd,11
dr5rzd,dr5rze,2
dr5rze,dr5rzg,2
dr5rze,dr5rzk,2
dr5rzg,dr5rzu,10
dr5rzg,dr5rzv,1
dr5rzg,dr5xb5,6
dr5rzg,dr5xbh,1
dr5rzh,dr5rzj,14
dr5rzh,dr5rzk,7
dr5rzj,dr5rzn,14
dr5rzk,dr5rzn,1
dr5rzu,dr5rzv,14
dr5rzu,dr5xbh,6
dr5rzv,dr5rzy,16
dr5rzv,dr5xbj,10
dr5rzx,dr72p8,13
dr5rzy,dr5xbn,6
dr5rzy,dr5xbp,3
dr5wb5,dr5wbh,15
dr5wbt,dr5wbv,4
dr5wbt,dr5wbw,8
dr5wbv,dr5wbw,2
dr5wbv,dr5wby,16
dr5wbw,dr5wby,8
dr5x0x,dr5x0z,3
dr5x0y,dr5x0z,3
dr5x0y,dr5x1p,2
dr5x0z,dr5x1p,9
dr5x24,dr5x25,12
dr5x25,dr5x2h,24
dr5x25,dr5x2k,2
dr5x2e,dr5x2s,21
dr5x2e,dr5x2t,1
dr5x2f,dr5x34,5
dr5x2h,dr5x2k,13
dr5x2k,dr5x2s,9
dr5x2k,dr5x2t,2
dr5x2s,dr5x2t,19
dr5x2z,dr5x3p,10
dr5x2z,dr5x90,2
dr5x34,dr5x36,12
dr5x3c,dr5x61,18
dr5x3k,dr5x3m,11
dr5x3m,dr5x3t,13
dr5x3p,dr5x3r,5
dr5x3p,dr5x90,19
dr5x3r,dr5x90,1
dr5x3t,dr5x3u,1
dr5x3t,dr5x3v,13
dr5x3u,dr5x3v,18
dr5x3u,dr5x6h,9
dr5x61,dr5x66,2
dr5x6h,dr5x6k,16
dr5x6h,dr5x6q,1
dr5x6k,dr5x6m,14
dr5x6m,dr5x6q,21
dr5x6m,dr5x6w,4
dr5x6p,dr5xd0,24
dr5x6p,dr5xd2,2
dr5x6q,dr5x6w,10
dr5x81,dr5x83,11
dr5x81,dr5x84,21
dr5x82,dr5x83,9
dr5x83,dr5x84,1
dr5x83,dr5x89,9
dr5x83,dr5x8d,1
dr5x84,dr5x87,1
dr5x87,dr5x8e,11
dr5x89,dr5x8c,8
dr5x89,dr5x8d,13
dr5x8c,dr5x8f,14
dr5x8c,dr5x90,1
dr5x8c,dr5x91,7
dr5x8c,dr5x94,2
dr5x8d,dr5x8e,13
dr5x8d,dr5x8f,5
dr5x8d,dr5x8g,2
dr5x8e,dr5x8g,6
dr5x8f,dr5x8g,13
dr5x8f,dr5x94,8
dr5x8g,dr5x94,1
dr5x8g,dr5x95,6
dr5x8p,dr5x8r,2
dr5x8r,dr5x8x,1
dr5x8r,dr5xb2,15
dr5x8t,dr5x8v,2
dr5x90,dr5x91,23
dr5x91,dr5x93,2
dr5x91,dr5x94,10
dr5x94,dr5x95,12
dr5x9v,dr5xdj,9
dr5xb2,dr5xb3,6
dr5xb5,dr5xbh,9
dr5xbg,dr5xbu,23
dr5xbg,dr5xc5,13
dr5xbh,dr5xbj,7
dr5xbh,dr5xbk,9
dr5xbj,dr5xbk,2
dr5xbj,dr5xbn,14
dr5xbn,dr5xbp,12
dr5xbn,dr5xbq,2
dr5xbp,dr5xbr,17
dr5xbq,dr5xbr,10
dr5xbr,dr5xbx,18
dr5xbr,dr7802,12
dr5xbx,dr5xbz,14
dr5xby,dr5xbz,17
dr5xbz,dr5xcp,2
dr5xbz,dr780b,8
dr5xc5,dr5xck,2
dr5xce,dr5xck,2
dr5xck,dr5xcm,24
dr5xcp,dr780b,1
dr5xcu,dr5xcv,9
dr5xcu,dr5xfh,10
dr5xd0,dr5xd1,24
dr5xd0,dr5xd2,10
dr5xd0,dr5xd3,2
dr5xd1,dr5xd3,14
dr5xd2,dr5xd3,17
dr5xd2,dr5xd8,4
dr5xd3,dr5xd6,22
dr5xd3,dr5xd8,2
dr5xd3,dr5xd9,12
dr5xd6,dr5xdd,4
dr5xd8,dr5xd9,4
dr5xd9,dr5xdd,16
dr5xdj,dr5xdm,8
dr5xdj,dr5xdn,17
dr5xdm,dr5xdq,16
dr5xdn,dr5xdq,8
dr5xdq,dr5xdr,18
dr5xdr,dr5xdx,8
dr5xfh,dr5xfk,9
dr5xfh,dr5xft,1
dr5xfk,dr5xft,3
dr70nb,dr70nc,16
dr70nz,dr70pp,6
dr70nz,dr70r0,4
dr70p7,dr70pe,8
dr70p7,dr70pk,9
dr70p7,dr70ps,2
dr70p8,dr70p9,12
dr70p8,dr70pd,2
dr70p9,dr70pd,16
dr70pd,dr70pe,12
dr70pd,dr70pf,10
dr70pe,dr70ps,7
dr70pf,dr7204,4
dr70pj,dr70pk,2
dr70pj,dr70pn,12
dr70pj,dr70pq,4
dr70pk,dr70ps,6
dr70pn,dr70pp,16
dr70pn,dr70pq,6
dr70pn,dr70pr,2
dr70pp,dr70pr,4
dr70pp,dr70r0,12
dr70pp,dr70r2,2
dr70pq,dr70pr,14
dr70pr,dr70r2,10
dr70pr,dr70r8,2
dr70ps,dr70pt,8
dr70pt,dr70py,1
dr70py,dr70pz,4
dr70pz,dr720p,14
dr70qv,dr70qy,6
dr70r0,dr70r2,9
dr70r2,dr70r8,6
dr70r8,dr70r9,8
dr70r9,dr70rf,1
dr70rv,dr70ry,8
dr70rw,dr70rx,7
dr70rw,dr70ry,2
dr70rx,dr70rz,6
dr70rx,dr70x8,2
dr70ry,dr70rz,14
dr70rz,dr70xb,12
dr70x5,dr70x6,2
dr70x5,dr70x7,2
dr70x6,dr70x7,6
dr70x7,dr70xe,14
dr70x8,dr70xb,6
dr70xx,dr70z8,18
dr70z8,dr70zb,9
dr70zb,dr72b0,4
dr7200,dr7202,3
dr7204,dr7205,5
dr7205,dr7207,3
dr7205,dr720h,10
dr7207,dr720e,8
dr7207,dr720s,2
dr720d,dr720e,16
dr720d,dr720f,10
dr720e,dr720s,22
dr720f,dr720u,1
dr720f,dr7211,1
dr720p,dr720q,2
dr720s,dr720u,10
dr720s,dr720v,2
dr720u,dr720v,8
dr720v,dr721p,1
dr7216,dr7217,14
dr7217,dr721k,16
dr721k,dr721m,18
dr721k,dr721s,7
dr721k,dr721t,2
dr721m,dr721t,10
dr721p,dr722b,2
dr721p,dr7230,12
dr721s,dr721t,6
dr7224,dr7226,4
dr7226,dr7227,10
dr7227,dr722d,2
dr722b,dr722c,10
dr722b,dr7230,1
dr722c,dr7230,1
dr722c,dr7231,3
dr722t,dr722v,12
dr722u,dr722v,18
dr722v,dr723n,2
dr7230,dr7231,6
dr7238,dr723b,11
dr723b,dr7260,1
dr723e,dr723g,10
dr723e,dr723u,2
dr723g,dr723u,14
dr723x,dr723z,11
dr723x,dr7298,15
dr723y,dr723z,4
dr723z,dr726n,2
dr723z,dr729b,7
dr724b,dr724c,11
dr724b,dr7250,7
dr724b,dr7251,2
dr724c,dr7250,2
dr724c,dr7251,4
dr724j,dr724k,4
dr724j,dr724m,2
dr724k,dr724m,9
dr724k,dr724t,1
dr724m,dr724q,6
dr724m,dr724t,3
dr724q,dr724t,1
dr7250,dr7251,8
dr7250,dr7252,6
dr7252,dr7258,5
dr7257,dr725s,2
dr7258,dr7259,13
dr7258,dr725b,8
dr7259,dr725d,12
dr725b,dr72h0,4
dr725b,dr72h1,4
dr725g,dr725s,2
dr725g,dr725u,15
dr725g,dr72h5,7
dr725s,dr725u,10
dr725s,dr725v,2
dr725u,dr725v,20
dr725u,dr72hh,3
dr725u,dr72hj,2
dr725v,dr725y,4
dr725v,dr72hj,7
dr725v,dr72hn,2
dr725y,dr72hn,4
dr726n,dr726r,2
dr726r,dr726x,12
dr726x,dr726z,2
dr726y,dr726z,6
dr726y,dr727n,8
dr726z,dr727p,6
dr727c,dr72k0,2
dr727m,dr727t,9
dr727n,dr727p,16
dr727u,dr72kh,8
dr728e,dr728s,14
dr728q,dr728t,2
dr728s,dr728t,16
dr7291,dr7293,11
dr7293,dr7298,2
dr7293,dr7299,4
dr7298,dr7299,18
dr7298,dr729b,6
dr729e,dr729s,16
dr72b0,dr72b1,8
dr72bt,dr72by,2
dr72by,dr72cn,4
dr72c1,dr72c4,8
dr72c1,dr72c6,2
dr72c4,dr72c5,16
dr72c4,dr72c6,8
dr72c4,dr72c7,2
dr72c5,dr72c7,6
dr72c5,dr72ch,20
dr72c6,dr72c7,14
dr72c6,dr72cd,4
dr72c7,dr72cd,4
dr72c7,dr72ch,4
dr72c7,dr72ck,17
dr72cb,dr72f1,2
dr72cd,dr72cf,10
dr72cf,dr72f4,9
dr72ch,dr72cj,9
dr72ch,dr72ck,7
dr72ch,dr72cn,1
dr72cj,dr72cn,5
dr72d6,dr72d7,6
dr72d7,dr72dk,14
dr72df,dr72dg,10
dr72df,dr72e1,2
dr72df,dr72e5,1
dr72dg,dr72e5,9
dr72dk,dr72dm,8
dr72dk,dr72dq,1
dr72dm,dr72dq,15
dr72dq,dr72dr,18
dr72dq,dr72dw,4
dr72dr,dr72f2,19
dr72ee,dr72eg,12
dr72eg,dr72eu,9
dr72eg,dr72s5,14
dr72ej,dr72em,12
dr72em,dr72eq,4
dr72eq,dr72er,5
dr72eu,dr72ev,10
dr72ev,dr72ey,21
dr72ex,dr72ey,2
dr72ex,dr72ez,8
dr72ex,dr72g8,14
dr72ey,dr72ez,16
dr72ez,dr72sp,8
dr72ez,dr72u0,2
dr72f0,dr72f1,8
dr72f0,dr72f2,10
dr72f0,dr72f3,1
dr72f1,dr72f2,2
dr72f1,dr72f3,4
dr72f1,dr72f4,7
dr72f1,dr72f9,1
dr72f2,dr72f3,8
dr72f2,dr72f8,6
dr72f2,dr72f9,1
dr72f3,dr72f6,7
dr72f3,dr72f7,1
dr72f3,dr72f9,9
dr72f6,dr72f7,7
dr72f6,dr72fd,6
dr72f7,dr72fd,1
dr72f7,dr72fm,1
dr72f8,dr72f9,10
dr72f8,dr72fb,2
dr72f9,dr72fd,14
dr72fm,dr72fq,2
dr72fn,dr72fp,2
dr72fp,dr7342,2
dr72fq,dr72fw,6
dr72fq,dr7342,1
dr72fw,dr72fx,4
dr72fx,dr7342,2
dr72fx,dr7348,4
dr72fx,dr734d,1
dr72gg,dr72u5,6
dr72gs,dr72gt,16
dr72gt,dr72gv,6
dr72gv,dr72uj,10
dr72h0,dr72h1,8
dr72h2,dr72h8,10
dr72h5,dr72hh,9
dr72h5,dr72hk,2
dr72h8,dr72h9,14
dr72h8,dr72hb,7
dr72h9,dr72hb,2
dr72h9,dr72hc,6
dr72h9,dr72hd,10
dr72hb,dr72hc,2
dr72hb,dr72j0,1
dr72hc,dr72hd,1
dr72hc,dr72hf,7
dr72hc,dr72j1,2
dr72hd,dr72he,6
dr72hd,dr72hf,9
dr72hd,dr72hv,1
dr72hd,dr72hy,1
dr72he,dr72hf,1
dr72he,dr72hg,7
dr72he,dr72hu,2
dr72hf,dr72hg,13
dr72hg,dr72hu,11
dr72hg,dr72j5,9
dr72hh,dr72hj,18
dr72hh,dr72hk,6
dr72hh,dr72hm,1
dr72hj,dr72hm,12
dr72hj,dr72hn,20
dr72hk,dr72hm,6
dr72hm,dr72hn,4
dr72hr,dr72hx,9
dr72hr,dr72k2,14
dr72hu,dr72hv,10
dr72hu,dr72jh,6
dr72hu,dr72jj,2
dr72hv,dr72hy,5
dr72hv,dr72jj,10
dr72hv,dr72jn,2
dr72hv,dr72jp,1
dr72hw,dr72hx,4
dr72hx,dr72k2,3
dr72hx,dr72k8,6
dr72hy,dr72jn,8
dr72hy,dr72jp,3
dr72j0,dr72j1,9
dr72j0,dr72j2,8
dr72j1,dr72j2,1
dr72j1,dr72j3,8
dr72j1,dr72j4,4
dr72j1,dr72j6,1
dr72j2,dr72j3,7
dr72j2,dr72jd,1
dr72j3,dr72j6,9
dr72j3,dr72jd,2
dr72j4,dr72j5,2
dr72j4,dr72j6,8
dr72j5,dr72j6,1
dr72j5,dr72j7,5
dr72j5,dr72jh,12
dr72j5,dr72jk,2
dr72j6,dr72j7,8
dr72j6,dr72jd,4
dr72j7,dr72jd,3
dr72j7,dr72je,7
dr72j7,dr72jk,9
dr72j7,dr72js,1
dr72jc,dr72jf,4
dr72jc,dr72jg,2
dr72jd,dr72je,11
dr72je,dr72jg,2
dr72je,dr72js,14
dr72jf,dr72jg,9
dr72jg,dr72ju,8
dr72jh,dr72jj,16
dr72jh,dr72jk,8
dr72jj,dr72jk,1
dr72jj,dr72jm,7
dr72jj,dr72jn,16
dr72jj,dr72jq,2
dr72jk,dr72jm,12
dr72jk,dr72js,9
dr72jm,dr72jq,11
dr72jm,dr72js,1
dr72jm,dr72jt,7
dr72jn,dr72jp,11
dr72jn,dr72jr,3
dr72jp,dr72jr,8
dr72jp,dr72m0,8
dr72jq,dr72jr,12
dr72jq,dr72jt,3
dr72jq,dr72jw,6
dr72jr,dr72jw,1
dr72jr,dr72m0,1
dr72jr,dr72m2,14
dr72js,dr72jt,16
dr72js,dr72ju,9
dr72jt,dr72ju,2
dr72jt,dr72jw,19
dr72jt,dr72jy,1
dr72jw,dr72jy,9
dr72jw,dr72jz,1
dr72jw,dr72m8,3
dr72jy,dr72jz,8
dr72jy,dr72nj,1
dr72jy,dr72nn,12
dr72jy,dr72np,2
dr72jz,dr72mb,12
dr72jz,dr72np,9
dr72k0,dr72k2,10
dr72k2,dr72k8,7
dr72ke,dr72kg,3
dr72ke,dr72ku,2
dr72kg,dr72ku,6
dr72kq,dr72kx,2
dr72kt,dr72kv,16
dr72kt,dr72mk,1
dr72ku,dr72kv,12
dr72kv,dr72mk,3
dr72kx,dr72kz,10
dr72kx,dr72s2,2
dr72kx,dr72s3,1
dr72kz,dr72t0,2
dr72m0,dr72m2,9
dr72m2,dr72m3,13
dr72m2,dr72m8,12
dr72m3,dr72m6,15
dr72m6,dr72m7,11
dr72m6,dr72mk,1
dr72m7,dr72me,9
dr72m7,dr72mk,16
dr72m8,dr72mb,9
dr72me,dr72mk,1
dr72me,dr72ms,20
dr72me,dr72mu,1
dr72mk,dr72ms,13
dr72mk,dr72mx,1
dr72ms,dr72mt,19
dr72mt,dr72mv,10
dr72mt,dr72mw,7
dr72mt,dr72my,1
dr72mu,dr72mv,10
dr72mu,dr72qh,12
dr72mu,dr72qj,1
dr72mv,dr72my,1
dr72mv,dr72qj,6
dr72mw,dr72mx,9
dr72mw,dr72my,7
dr72mx,dr72my,1
dr72mx,dr72mz,7
dr72mx,dr72tc,1
dr72my,dr72mz,16
dr72mz,dr72qp,2
dr72mz,dr72tb,9
dr72nj,dr72nk,2
dr72nj,dr72nn,15
dr72nn,dr72np,15
dr72np,dr72nr,5
dr72nr,dr72nx,5
dr72nw,dr72nx,19
dr72nw,dr72q8,1
dr72nx,dr72q8,17
dr72p2,dr72p8,4
dr72p8,dr72p9,19
dr72p8,dr72pb,8
dr72pq,dr72pr,12
dr72pr,dr72r2,10
dr72pr,dr72r8,1
dr72q8,dr72q9,16
dr72q9,dr72qc,4
dr72q9,dr72qf,2
dr72qc,dr72qf,11
dr72qc,dr72r0,1
dr72qc,dr72r1,7
dr72qf,dr72qg,9
dr72qf,dr72r1,2
dr72qf,dr72r4,11
dr72qf,dr72rh,2
dr72qg,dr72qu,3
dr72qh,dr72qj,11
dr72qh,dr72qk,15
dr72qj,dr72qm,13
dr72qj,dr72qq,1
dr72qk,dr72qm,21
dr72qk,dr72qs,8
dr72qk,dr72qt,1
dr72qm,dr72qq,20
dr72qm,dr72qt,6
dr72qm,dr72qw,3
dr72qp,dr72qr,2
dr72qp,dr72tb,1
dr72qp,dr72w0,12
dr72qq,dr72qr,17
dr72qq,dr72qw,9
dr72qq,dr72qx,1
dr72qr,dr72qx,13
dr72qr,dr72w8,2
dr72qs,dr72qt,13
dr72qs,dr72qu,11
dr72qt,dr72qw,14
dr72qw,dr72qx,11
dr72qw,dr72qy,2
dr72qx,dr72qy,1
dr72qx,dr72qz,6
dr72qx,dr72w8,14
dr72qy,dr72rj,1
dr72r0,dr72r1,14
dr72r0,dr72r2,10
dr72r1,dr72r3,13
dr72r1,dr72r4,15
dr72r1,dr72r6,1
dr72r2,dr72r3,11
dr72r2,dr72r8,12
dr72r3,dr72r6,17
dr72r3,dr72r8,2
dr72r4,dr72r6,5
dr72rh,dr72rj,13
dr72rh,dr72rm,1
dr72rj,dr72rm,5
dr72rm,dr72rq,5
dr72rm,dr72rt,12
dr72rq,dr72rr,26
dr72rq,dr72rw,7
dr72rr,dr72x2,22
dr72rt,dr72rw,11
dr72ru,dr7825,1
dr72ru,dr782h,10
dr72rz,dr72xb,22
dr72rz,dr782p,6
dr72s2,dr72s3,4
dr72se,dr72ss,6
dr72sp,dr72sr,10
dr72sp,dr72u0,9
dr72sr,dr72u0,1
dr72sw,dr72sy,3
dr72tb,dr72w0,6
dr72tc,dr72w1,4
dr72tc,dr72w4,3
dr72u0,dr72u1,14
dr72u1,dr72u4,24
dr72u4,dr72u5,8
dr72u5,dr72uh,14
dr72uh,dr72uj,14
dr72uq,dr72uw,12
dr72uu,dr72uv,22
dr72w0,dr72w1,7
dr72w1,dr72w4,23
dr72w1,dr72w6,1
dr72w4,dr72w5,26
dr72w4,dr72w6,12
dr72w4,dr72w7,2
dr72w5,dr72w7,6
dr72w6,dr72w7,23
dr72w6,dr72wd,8
dr72w8,dr72w9,14
dr72w9,dr72wd,10
dr72wd,dr72wf,8
dr72wf,dr72wg,4
dr72wg,dr72wu,2
dr72wn,dr72wp,6
dr72wu,dr72xj,2
dr72x0,dr72x2,8
dr72x4,dr72xh,2
dr72x7,dr72xh,1
dr72x7,dr72xk,10
dr72xb,dr72xc,11
dr72xb,dr7880,6
dr72xc,dr72xf,9
dr72xh,dr72xj,13
dr72xh,dr72xk,7
dr72xj,dr72xm,2
dr72xk,dr72xm,21
dr72xk,dr72xr,1
dr72xm,dr72xt,4
dr72y7,dr72yk,12
dr72y7,dr72ys,2
dr72yg,dr72ys,1
dr72yk,dr72ys,4
dr72z0,dr72z1,3
dr72z1,dr72z6,3
dr72z6,dr72zd,16
dr72zu,dr72zv,18
dr7318,dr731b,4
dr7318,dr731c,2
dr731b,dr731c,9
dr7342,dr7343,6
dr7342,dr7348,4
dr7343,dr7346,10
dr7343,dr7349,4
dr7346,dr734d,10
dr7348,dr7349,14
dr7348,dr734d,1
dr7349,dr734d,6
dr73hf,dr73hg,17
dr73nc,dr73nf,12
dr73nf,dr73ng,2
dr7802,dr7803,10
dr7803,dr7809,9
dr7809,dr780c,9
dr780b,dr780c,14
dr780c,dr780w,2
dr780p,dr780r,8
dr780p,dr7820,18
dr780r,dr780w,2
dr780r,dr7820,3
dr780t,dr780w,4
dr7820,dr7821,19
dr7821,dr7825,1
dr7825,dr782h,19
dr7825,dr782j,1
dr782h,dr782j,6
dr782p,dr7880,5
dr782u,dr782v,4
dr7842,dr7843,10
dr784c,dr784f,11
dr784c,dr7851,5
dr788h,dr788j,11
dr789p,dr78c0,12
dr789p,dr78c2,1
dr78c0,dr78c2,9
